{
  "splash-setting": {
    "url": "D:\\smallStep\\素材库\\ball系列\\tinified\\2048 Ball Runner.png",
    "clearColor": {
      "x": 0.8784313725490196,
      "y": 0.8784313725490196,
      "z": 0.8784313725490196,
      "w": 1
    },
    "displayWatermark": false
  }
}
